years_experience,education,job_level,industry,location,salary
11.236203565420874,Master,Senior,Healthcare,Rural,121393.65452408357
28.521429192297486,Bachelor,Mid-level,Healthcare,Suburban,131651.6313531052
21.959818254342153,PhD,Executive,Education,Suburban,193436.94855943354
17.959754525911098,High School,Senior,Finance,Urban,136252.84816962527
4.680559213273096,PhD,Mid-level,Technology,Urban,108312.490495921
4.679835610086079,High School,Executive,Technology,Rural,136565.08549031083
1.7425083650459838,Associate,Entry-level,Manufacturing,Urban,68664.60825314755
25.985284373248057,High School,Senior,Manufacturing,Rural,124838.60510136215
18.033450352296263,Master,Entry-level,Technology,Urban,108887.7117971165
21.242177333881365,Bachelor,Executive,Healthcare,Urban,185179.10841596022
0.6175348288740734,Associate,Senior,Retail,Suburban,96032.32174135525
29.09729556485983,High School,Executive,Healthcare,Urban,190135.66743925324
24.973279224012654,PhD,Entry-level,Manufacturing,Urban,127634.41550194933
6.370173320348284,Associate,Senior,Education,Rural,97579.11315257697
5.454749016213018,Associate,Entry-level,Technology,Urban,59886.57653406181
5.502135295603015,High School,Executive,Manufacturing,Rural,135817.86569563553
9.127267288786133,Associate,Executive,Manufacturing,Urban,155340.60765458993
15.742692948967136,PhD,Entry-level,Retail,Urban,106407.30118654543
12.958350559263472,Associate,Senior,Technology,Rural,107530.84313405464
8.736874205941257,PhD,Entry-level,Retail,Suburban,81606.93918904795
18.355586841671386,High School,Executive,Technology,Rural,167059.34704680185
4.184815819561255,Bachelor,Entry-level,Retail,Rural,68659.43666401313
8.764339456056545,Associate,Executive,Healthcare,Rural,136155.60144182513
10.99085529881075,Bachelor,Entry-level,Education,Suburban,81565.57763313633
13.682099526511077,PhD,Senior,Education,Urban,126493.92886700145
23.555278841790408,Associate,Senior,Technology,Rural,131264.3803770088
5.990213464750792,Master,Entry-level,Finance,Rural,78669.83760079257
15.427033152408349,Bachelor,Entry-level,Manufacturing,Suburban,79757.23213499835
17.772437065861276,Associate,Senior,Manufacturing,Rural,109179.8103838266
1.3935123815999317,Bachelor,Executive,Technology,Urban,146109.229198511
18.22634555704315,Associate,Senior,Retail,Suburban,122374.61839735004
5.115723710618746,High School,Executive,Finance,Urban,140358.15723717373
1.9515477895583855,Bachelor,Entry-level,Healthcare,Urban,46520.78324586706
28.466566117599996,Master,Entry-level,Retail,Suburban,98726.13070884933
28.96896099223678,Master,Executive,Retail,Rural,189869.27020590182
24.251920443493834,PhD,Entry-level,Technology,Urban,143080.7067475232
9.13841307520112,Associate,Executive,Technology,Urban,130801.7777231499
2.930163420191516,Bachelor,Mid-level,Manufacturing,Urban,83863.02507886672
20.526990795364707,PhD,Senior,Technology,Urban,165791.5030255552
13.204574812188039,Bachelor,Mid-level,Technology,Suburban,125292.52740646056
3.6611470453433648,Associate,Executive,Technology,Suburban,138472.07597355807
14.855307303338105,Master,Senior,Manufacturing,Urban,146540.5044540855
1.0316556334565519,High School,Executive,Healthcare,Rural,123475.88266778774
27.279612062363462,Master,Senior,Healthcare,Urban,148253.5593266549
7.7633994480005075,PhD,Senior,Technology,Rural,143208.8710623184
19.87566853061946,High School,Senior,Manufacturing,Urban,129905.3021158018
9.351332282682328,PhD,Senior,Healthcare,Rural,138785.35096211056
15.602040635334324,Associate,Executive,Retail,Urban,198466.45833503193
16.40130838029839,High School,Senior,Healthcare,Rural,91961.4873656109
5.545633665765811,PhD,Senior,Healthcare,Urban,153338.2338291427
29.087538832936758,Associate,Mid-level,Manufacturing,Urban,128300.60247186996
23.253984700833435,Master,Entry-level,Retail,Rural,107381.25844569696
28.184968246925674,Associate,Entry-level,Manufacturing,Suburban,103914.81404083893
26.844820512829465,Bachelor,Mid-level,Technology,Rural,129447.2776916785
17.936999364332554,Associate,Mid-level,Education,Suburban,95175.66944627753
27.656227050693506,Associate,Executive,Healthcare,Urban,193607.5414571171
2.6547750615575847,Bachelor,Executive,Education,Rural,120137.81315639839
5.879485872574356,PhD,Executive,Manufacturing,Rural,172264.76342036636
1.356818667316142,PhD,Mid-level,Manufacturing,Rural,91551.69328577974
9.759909922897931,Associate,Mid-level,Manufacturing,Suburban,76219.12645539228
11.660318690684461,Bachelor,Senior,Education,Suburban,113820.50880141079
8.140470953216877,Bachelor,Executive,Manufacturing,Urban,171852.4340750595
24.86212527455788,Master,Executive,Technology,Suburban,199370.89967895354
10.702599800807679,PhD,Executive,Manufacturing,Suburban,182989.73578371157
8.428035290621423,High School,Entry-level,Finance,Urban,61546.50782408812
16.280882494747456,PhD,Senior,Education,Rural,150140.98348873112
4.22772674924288,PhD,Executive,Finance,Rural,172310.5308863878
24.06590942262119,Master,Executive,Manufacturing,Urban,219617.9071782065
2.236519310393125,High School,Executive,Technology,Rural,127717.3991657941
29.60660809801552,Master,Entry-level,Healthcare,Suburban,135899.76424361012
23.167343078899723,High School,Entry-level,Retail,Urban,90315.3615531889
5.961470446025173,Associate,Mid-level,Retail,Urban,92881.6587106805
0.16566351370807197,High School,Senior,Manufacturing,Urban,81143.00315132884
24.463842853645026,Master,Mid-level,Technology,Rural,146377.73883606287
21.205720315428515,PhD,Senior,Education,Urban,160464.4676696902
21.87021504122962,High School,Entry-level,Finance,Urban,95098.54831137425
23.138110400578373,High School,Executive,Finance,Urban,179193.74564564048
2.2213395520227106,Bachelor,Mid-level,Finance,Rural,83965.08306831219
10.753971856328178,PhD,Executive,Education,Suburban,175345.65328143677
3.4760717857538914,Associate,Mid-level,Retail,Urban,77099.27540321305
25.893102776267806,Master,Entry-level,Technology,Suburban,142567.38612815746
18.698943804826737,Associate,Entry-level,Education,Rural,87252.38446580565
9.926940745579476,PhD,Entry-level,Finance,Rural,105545.4274161279
1.906750508580709,High School,Mid-level,Manufacturing,Rural,57258.10575692271
9.329469651469866,High School,Senior,Healthcare,Rural,89766.53102065649
9.75549966080241,PhD,Mid-level,Education,Suburban,124064.00490398235
21.88818535014192,High School,Senior,Education,Urban,137536.8386255818
19.126724140656393,High School,Mid-level,Technology,Rural,117980.1550388226
26.616382277289794,High School,Mid-level,Technology,Rural,112192.9582948873
14.16644775485848,Master,Entry-level,Education,Suburban,91037.40895611349
3.587827378149051,Master,Executive,Finance,Suburban,142780.81313104377
21.39734361668985,Bachelor,Executive,Healthcare,Rural,173869.97617277096
22.823551458506923,Associate,Senior,Technology,Urban,155612.80802280834
16.83831592708489,PhD,Executive,Finance,Urban,196011.6780618878
23.12901539863683,PhD,Mid-level,Manufacturing,Rural,145662.8287492819
14.813867890931721,PhD,Mid-level,Technology,Suburban,132722.70472188533
15.681984881459822,Bachelor,Entry-level,Finance,Rural,91604.54004513525
12.826230550756488,Master,Entry-level,Finance,Rural,81175.5472033563
0.7625738023228557,Bachelor,Executive,Healthcare,Suburban,142377.2421009847
3.2367428097991335,PhD,Senior,Healthcare,Rural,91562.12591059104
0.9428755706020275,Associate,Executive,Manufacturing,Rural,123016.78955958421
19.092312337913413,High School,Executive,Finance,Rural,143879.8922386754
9.4306794322898,Master,Executive,Retail,Suburban,173921.30403004773
15.257120734941083,Master,Executive,Finance,Urban,195288.31499752728
27.226994217782792,Bachelor,Mid-level,Healthcare,Urban,144120.6982552264
7.478766874466248,Master,Senior,Retail,Suburban,133167.5960205263
12.311487691068892,PhD,Mid-level,Technology,Urban,125133.8101738894
22.666534156291462,PhD,Senior,Technology,Rural,182806.7002917385
6.863944964748674,Bachelor,Entry-level,Education,Urban,83049.8055721012
2.30939729486379,PhD,Executive,Healthcare,Rural,157253.24171753813
8.692543587413041,Associate,Mid-level,Education,Urban,98741.28864665552
4.836638617620133,Bachelor,Senior,Retail,Suburban,91610.34211112393
27.89092957027719,Associate,Entry-level,Healthcare,Urban,102536.71752527765
24.243611386932507,High School,Entry-level,Manufacturing,Urban,90401.325541468
19.002112695312704,Associate,Executive,Finance,Urban,169714.44830998528
26.14381770563153,High School,Senior,Manufacturing,Suburban,124722.05898366054
24.110162306973432,High School,Mid-level,Retail,Urban,123451.15528490012
5.597101766581075,Associate,Executive,Healthcare,Suburban,138605.65952946385
26.776769954699333,Bachelor,Mid-level,Retail,Rural,125078.58959296746
16.18026725746952,PhD,Entry-level,Finance,Urban,113657.02085080223
24.223204654921876,PhD,Mid-level,Technology,Suburban,135240.3763043586
26.8827389977048,High School,Mid-level,Technology,Suburban,126466.05157932382
9.540104249155917,High School,Executive,Retail,Urban,122957.65874411407
3.3015577358303028,Bachelor,Mid-level,Education,Rural,75916.77501080591
6.8380548762582505,Master,Executive,Healthcare,Suburban,149992.9593641884
12.81323365878769,Associate,Entry-level,Healthcare,Urban,100499.22730988347
24.540442977674793,High School,Executive,Technology,Rural,183194.51317709681
25.821917497690304,PhD,Executive,Manufacturing,Suburban,210701.3729080954
0.2085639159357211,Bachelor,Senior,Finance,Suburban,115054.19460841813
15.322419077326972,Associate,Mid-level,Manufacturing,Rural,85181.67837999659
12.52233009446337,Bachelor,Entry-level,Manufacturing,Rural,83479.45397562766
6.663234314121907,Associate,Executive,Retail,Urban,143324.57296543094
3.595961020010484,Associate,Entry-level,Technology,Urban,69832.12285335767
10.12845514210884,High School,Senior,Technology,Suburban,122980.44528528536
28.287291117375574,Bachelor,Mid-level,Technology,Rural,143899.50326254917
9.696087960622657,Bachelor,Executive,Retail,Rural,150279.41254949552
15.563718652300983,PhD,Mid-level,Education,Rural,104578.562942319
21.090568766855334,PhD,Senior,Manufacturing,Suburban,150580.674580916
10.908888071378819,High School,Senior,Retail,Rural,93590.6868068004
29.15346248162882,High School,Entry-level,Healthcare,Rural,99240.64870602415
28.873418848263338,Master,Executive,Finance,Suburban,198444.80044978744
7.553468874760925,PhD,Entry-level,Education,Urban,119223.70450530606
14.917455176771563,Associate,Senior,Healthcare,Urban,139998.85090607885
9.02634929450309,Bachelor,Mid-level,Manufacturing,Suburban,102073.88179293102
8.545214831324028,High School,Entry-level,Technology,Rural,62810.798275485504
1.1066084206359839,Bachelor,Entry-level,Manufacturing,Suburban,58091.127142260455
18.286930019396905,Bachelor,Mid-level,Retail,Urban,105054.67543857146
15.080370696865845,Master,Entry-level,Finance,Urban,107935.54657892032
1.5443625374996806,PhD,Mid-level,Retail,Suburban,98666.25047642687
8.359393927098344,High School,Executive,Education,Suburban,124301.18209938044
27.247976578999612,Bachelor,Mid-level,Education,Urban,137837.7173304482
7.186856720009173,High School,Executive,Finance,Suburban,139821.12295177087
4.346846162736693,Associate,Mid-level,Healthcare,Urban,64615.616746699474
14.683582808326891,Master,Senior,Healthcare,Suburban,130763.31550885878
29.56951362331802,Associate,Senior,Education,Suburban,140002.9719124196
7.261658145345012,High School,Executive,Education,Suburban,153400.19286409195
20.164066422176358,High School,Executive,Technology,Urban,180893.6640896903
22.848588459861528,PhD,Senior,Healthcare,Suburban,152342.36122872413
7.12912631977199,Bachelor,Executive,Finance,Urban,166118.61553372032
21.846490458355788,Bachelor,Mid-level,Healthcare,Urban,113219.94102732792
11.033493981577596,Associate,Mid-level,Technology,Suburban,107893.89850202593
18.969174917807383,Master,Senior,Retail,Suburban,136227.10331743598
19.00589132282684,Bachelor,Entry-level,Education,Urban,97075.42075826196
16.073240522242756,PhD,Mid-level,Education,Urban,145404.44751990744
2.708693101632249,Associate,Executive,Technology,Rural,122545.750517422
25.05907486767714,Associate,Entry-level,Finance,Urban,93146.96788422437
9.623401949152075,PhD,Entry-level,Education,Rural,83410.81063484409
5.595555311995627,Master,Mid-level,Manufacturing,Rural,104574.89913418442
1.2232542466429175,PhD,Mid-level,Education,Rural,77253.0477385174
17.726788295647253,Master,Entry-level,Manufacturing,Suburban,75132.02061018882
20.326930855268472,PhD,Entry-level,Technology,Suburban,121142.27312644695
0.49763486783568456,PhD,Senior,Technology,Urban,136512.6777347806
15.36279174897843,High School,Executive,Education,Rural,157728.20099534516
6.794873255938139,Associate,Senior,Healthcare,Suburban,98958.13289102228
19.355183712283495,PhD,Mid-level,Manufacturing,Suburban,132596.10135340696
5.230992870149743,PhD,Senior,Finance,Suburban,144000.99308285696
20.728132143073978,Bachelor,Senior,Education,Suburban,117758.84728919374
11.602060389016122,Associate,Senior,Finance,Suburban,111318.91302620215
28.101899662102035,Bachelor,Senior,Education,Rural,148108.03822345464
4.1256283243797975,Associate,Executive,Healthcare,Rural,137743.44386160994
10.231990531507755,Bachelor,Executive,Healthcare,Rural,150365.9141311067
3.404205637217672,PhD,Entry-level,Healthcare,Rural,82152.82139149377
27.740808548356885,PhD,Mid-level,Retail,Urban,128598.34356258388
26.32018060142943,High School,Senior,Healthcare,Rural,126057.87707952037
7.738248831454668,Bachelor,Entry-level,Technology,Suburban,85011.584788454
19.79952138102537,Master,Entry-level,Technology,Rural,99776.10241950395
24.516666006036473,High School,Entry-level,Retail,Urban,92623.17422796892
16.65602434798387,Bachelor,Executive,Manufacturing,Suburban,175780.77370399472
15.889517350680194,Bachelor,Senior,Finance,Rural,125353.54269278274
7.25556872701355,High School,Senior,Education,Rural,91215.77516399282
2.793083034176976,PhD,Mid-level,Education,Rural,85958.84041550783
26.916472738599804,Bachelor,Senior,Retail,Suburban,144766.83268023917
27.012541714899914,PhD,Senior,Technology,Suburban,185127.24512569205
18.993043718198038,High School,Entry-level,Education,Urban,84555.81704608042
10.170893731461021,PhD,Mid-level,Technology,Suburban,119476.47476728269
10.476287238379827,Associate,Senior,Manufacturing,Suburban,111194.73851966758
21.778670366107182,Master,Executive,Finance,Rural,197703.43863858056
26.913307798577314,Bachelor,Senior,Manufacturing,Suburban,131327.20281137986
26.61259272795352,Master,Entry-level,Retail,Rural,122815.92610546603
23.396266375728715,PhD,Executive,Healthcare,Rural,198429.9853646467
19.26094938462863,Bachelor,Entry-level,Healthcare,Suburban,102776.79810165957
2.524198949851465,PhD,Senior,Healthcare,Urban,142020.86713615523
4.848861422838413,Associate,Executive,Manufacturing,Urban,128980.98587337216
26.956625655812378,High School,Mid-level,Education,Suburban,106818.84128734929
18.1928717897877,Bachelor,Mid-level,Finance,Urban,120500.25662081836
0.27591154849888944,Associate,Executive,Healthcare,Rural,117714.2878857535
3.044146285980963,Associate,Executive,Retail,Rural,141437.65833033
19.905053073241675,Bachelor,Entry-level,Retail,Suburban,84242.38520821542
0.1518475153865606,PhD,Executive,Healthcare,Urban,159748.22723590446
4.82424154252496,Associate,Entry-level,Healthcare,Urban,66692.37340107969
16.462013680997583,Master,Senior,Finance,Rural,127902.53210123428
20.756855930780798,Associate,Entry-level,Healthcare,Suburban,87556.90474399897
19.558837785078016,PhD,Executive,Finance,Urban,209292.20818265778
6.728079283816793,PhD,Executive,Retail,Suburban,163127.55452380847
21.365376640426074,Master,Senior,Healthcare,Urban,156796.88469185267
7.117472624904002,Associate,Executive,Manufacturing,Rural,131941.6241253243
9.76199094477803,PhD,Executive,Manufacturing,Rural,157379.27879774838
22.394742153540726,Bachelor,Mid-level,Retail,Suburban,121005.41642047383
19.48898697141644,High School,Mid-level,Finance,Rural,118527.30465930529
25.47670231482534,High School,Senior,Manufacturing,Urban,139137.42093748506
19.7283867690103,High School,Entry-level,Finance,Rural,83709.4147104961
17.049258100064147,Associate,Mid-level,Manufacturing,Suburban,109025.74375129689
2.8102430348427743,Master,Entry-level,Manufacturing,Suburban,60927.18110421856
11.031474091783005,PhD,Executive,Finance,Suburban,201088.09476486206
7.9560710304517634,Bachelor,Mid-level,Education,Urban,97935.43002513154
7.319689301372508,Bachelor,Senior,Manufacturing,Urban,133957.9475936361
29.190316642573368,Associate,Senior,Healthcare,Urban,146050.30332990683
11.792931740002812,High School,Senior,Retail,Urban,124766.48270558387
26.761396655313398,Associate,Mid-level,Education,Urban,131274.3482509746
18.934158779917887,Master,Entry-level,Finance,Rural,110398.71841835935
23.844339106249453,Master,Executive,Education,Urban,200028.92275603037
15.079112793155764,PhD,Entry-level,Technology,Urban,117672.93940556703
17.307116538790773,PhD,Entry-level,Technology,Rural,126619.54966232026
14.775530814565917,Master,Executive,Manufacturing,Urban,183954.6603276123
5.857289633941335,Master,Executive,Manufacturing,Suburban,140043.88223201115
21.67356345784516,Master,Mid-level,Healthcare,Urban,127175.26229862029
8.423170873225674,Associate,Mid-level,Retail,Urban,82987.88422452388
0.7294789929436152,Master,Mid-level,Education,Suburban,89558.94781754278
19.364168877215036,Bachelor,Mid-level,Technology,Suburban,123162.45286543111
5.313320382211469,High School,Mid-level,Manufacturing,Suburban,85816.34866235957
28.21375753058743,Master,Executive,Retail,Suburban,179916.4964207886
28.61785731007762,High School,Entry-level,Education,Urban,103671.59398520685
27.445931706613457,Associate,Mid-level,Manufacturing,Suburban,104712.07115935536
11.104761007663331,High School,Mid-level,Manufacturing,Suburban,92806.64497016835
0.46369849586602285,Associate,Entry-level,Technology,Rural,49982.80984731202
27.849556877631763,Bachelor,Mid-level,Technology,Suburban,144895.21347550472
12.84552444951943,Associate,Entry-level,Manufacturing,Suburban,65052.21929314121
28.999644571310085,Associate,Entry-level,Finance,Rural,117793.93845919769
28.908599312677584,PhD,Executive,Manufacturing,Rural,221234.44526594368
25.590283664020802,Master,Senior,Retail,Urban,165016.01035816048
8.833466762087571,Master,Executive,Manufacturing,Rural,159371.76105554073
11.552931858057757,Bachelor,Senior,Healthcare,Urban,133904.43656906683
25.534100145505708,Bachelor,Senior,Healthcare,Rural,138999.27461113792
9.50766015468833,Master,Senior,Healthcare,Rural,132570.8768995838
5.084782400582775,PhD,Mid-level,Finance,Urban,133664.37374440476
16.704037873750504,Master,Executive,Finance,Rural,191114.18134729288
28.08464322482343,PhD,Senior,Manufacturing,Urban,171873.26175157278
20.88089390024919,Bachelor,Entry-level,Healthcare,Rural,100375.9609732294
17.101835102680948,High School,Mid-level,Finance,Suburban,88272.25476777542
2.9152948131230563,Bachelor,Executive,Technology,Rural,151554.49273800285
18.45021680097509,Bachelor,Senior,Manufacturing,Urban,144406.46773057556
29.701615503127897,Associate,Entry-level,Retail,Rural,78705.06761093416
4.202520457095721,Associate,Executive,Education,Urban,126787.20247506782
15.549889570912102,Associate,Executive,Manufacturing,Urban,161268.39017438653
26.321192157838663,Associate,Mid-level,Education,Suburban,114633.78684426907
22.223058532626133,PhD,Executive,Healthcare,Suburban,192351.3477110642
20.91047222985804,Master,Mid-level,Education,Urban,135710.73175323792
21.07452251961328,High School,Senior,Healthcare,Rural,124663.78112863169
10.784734536592655,Bachelor,Mid-level,Technology,Urban,109626.77775340012
8.807755327934801,PhD,Entry-level,Education,Urban,90057.59565428596
24.28083466435541,High School,Mid-level,Manufacturing,Rural,117048.74059287645
24.30340184037542,PhD,Entry-level,Healthcare,Rural,140160.8748116338
26.012169557403112,PhD,Mid-level,Manufacturing,Rural,140188.72427634083
27.397216576694138,Bachelor,Executive,Finance,Rural,185672.76398184005
15.340271965828133,Master,Senior,Healthcare,Urban,150592.62058577625
15.045488840615988,Associate,Entry-level,Education,Urban,76510.68388376212
23.948855369003255,Master,Mid-level,Healthcare,Suburban,136503.73873137418
19.498917923332954,Bachelor,Mid-level,Manufacturing,Urban,129394.3673639126
21.0590063177311,Bachelor,Mid-level,Technology,Rural,103024.45176038926
23.87378008308303,Bachelor,Executive,Healthcare,Suburban,200930.58341469275
26.70016025452699,High School,Executive,Education,Rural,169127.12575234738
10.139854705546075,Master,Entry-level,Finance,Urban,93164.77796547035
11.26748857919832,Master,Entry-level,Retail,Suburban,84642.63561618215
2.81945819522607,PhD,Executive,Technology,Rural,165263.2099406573
17.34840422988522,PhD,Entry-level,Finance,Suburban,99384.79542532118
1.0782682139022626,PhD,Senior,Healthcare,Suburban,137105.9187023369
13.967940543973805,Bachelor,Senior,Manufacturing,Urban,131349.13741065378
16.2793390412273,Master,Executive,Manufacturing,Rural,179988.69938692835
8.596237563848533,Bachelor,Entry-level,Education,Suburban,81707.9728334375
17.724997817070324,High School,Mid-level,Manufacturing,Suburban,88238.37105853765
0.9150074981714829,PhD,Senior,Technology,Rural,126564.73398669525
1.1204456624764325,Bachelor,Executive,Manufacturing,Suburban,137564.4804159649
24.678016819789747,Bachelor,Entry-level,Education,Suburban,112823.74139174442
10.805719242337886,High School,Executive,Retail,Suburban,118339.16428116082
3.8118153795565437,Associate,Mid-level,Healthcare,Rural,71632.6877567004
15.667297801644132,Master,Senior,Healthcare,Rural,130306.38904544865
23.099806592958323,Associate,Executive,Manufacturing,Rural,173522.2426922582
6.4746308249052955,PhD,Executive,Finance,Rural,174649.70352349262
18.686714274570008,Bachelor,Executive,Healthcare,Urban,175297.16960091976
2.56042394981304,High School,Mid-level,Retail,Suburban,55999.109257865646
1.550451635058231,High School,Executive,Manufacturing,Rural,119994.24958454315
15.94063894704444,Master,Mid-level,Education,Suburban,107914.8556209368
16.219053648303195,Associate,Mid-level,Retail,Suburban,103857.94425112766
19.122897044946196,Master,Mid-level,Manufacturing,Urban,127553.72208541792
21.782740011679845,Bachelor,Senior,Retail,Rural,102495.59783014329
29.27556238387604,Master,Senior,Healthcare,Rural,159802.90420153402
15.48901044903586,High School,Executive,Education,Suburban,140592.58268963196
9.68869418823738,High School,Executive,Manufacturing,Rural,121064.6302218653
23.85558584306111,PhD,Senior,Technology,Suburban,160336.9053038965
8.124967537862226,PhD,Entry-level,Education,Suburban,92344.01979405415
13.169142621169083,Bachelor,Senior,Technology,Urban,149624.69352482047
2.353691440267979,Associate,Mid-level,Retail,Urban,75839.22761918577
0.7605223024637253,Master,Senior,Finance,Urban,112456.01072277005
28.87945244033775,Bachelor,Mid-level,Education,Suburban,137317.94683238253
25.079403615366175,PhD,Executive,Retail,Rural,193567.90412854243
20.87922618281094,Master,Entry-level,Technology,Urban,114812.44867399044
12.268588332428097,PhD,Executive,Healthcare,Rural,167993.54998252637
5.1988296021253735,Master,Mid-level,Healthcare,Urban,87879.37113673356
4.693111280132581,Associate,Mid-level,Finance,Urban,82486.9854946707
7.50728694493786,Bachelor,Mid-level,Education,Suburban,91595.10878907704
16.476799941183614,Master,Entry-level,Education,Urban,101987.36318221832
21.43787768100187,High School,Senior,Education,Urban,123716.08608253015
19.80592130153194,High School,Executive,Retail,Suburban,148154.38199609605
8.398016908378285,Master,Executive,Finance,Rural,169878.49573360625
28.645958419895823,Master,Senior,Education,Urban,154120.59764032578
22.136907500873054,Master,Executive,Retail,Suburban,195034.09414018088
16.63062157534202,High School,Entry-level,Healthcare,Urban,73239.0729614168
18.351622387030567,High School,Executive,Technology,Suburban,159178.89240053078
12.588001872833697,Master,Mid-level,Retail,Rural,88508.15183951062
7.431929685034724,PhD,Senior,Healthcare,Rural,124849.83790121308
10.679180359537847,PhD,Entry-level,Healthcare,Suburban,111111.48530385547
22.735383313931074,Associate,Senior,Technology,Suburban,145627.0475123017
0.43180465889267605,Bachelor,Entry-level,Healthcare,Suburban,70647.83043806569
3.482179215207487,PhD,Mid-level,Finance,Rural,109185.78388975433
1.3800792606525825,High School,Senior,Technology,Urban,86723.46023600147
1.221864069569104,PhD,Executive,Healthcare,Rural,154135.83589586263
25.663817520330216,Associate,Entry-level,Manufacturing,Suburban,91525.64374948581
21.109735781400712,Associate,Senior,Retail,Suburban,138525.22060319182
14.225214872619755,Bachelor,Executive,Healthcare,Rural,151482.5432809764
2.935024819530044,PhD,Senior,Finance,Suburban,136807.0265329512
14.74847625350497,High School,Senior,Education,Rural,113426.49120809762
14.20415312341697,High School,Senior,Healthcare,Suburban,131704.5082639948
5.196056097300455,Master,Entry-level,Education,Urban,76295.24626830593
13.01554947713919,High School,Executive,Manufacturing,Urban,161154.32055008
11.955142031921204,Bachelor,Mid-level,Healthcare,Suburban,126726.80242923084
18.475502941566493,Bachelor,Entry-level,Technology,Rural,90774.58911379601
19.052809526029314,High School,Entry-level,Education,Urban,67755.21657673504
1.3591202931613355,High School,Entry-level,Manufacturing,Rural,21918.14024724504
11.238378438794136,Master,Mid-level,Technology,Suburban,124603.87716620158
18.77579747142709,High School,Executive,Technology,Rural,143720.09286226836
15.094087757402631,Master,Executive,Technology,Urban,186464.984985426
25.694695235649668,Master,Executive,Technology,Rural,205762.52234168895
19.76080894856835,High School,Senior,Healthcare,Rural,121373.37326543583
4.888032812442891,Associate,Senior,Retail,Suburban,97030.5142667275
2.1170624220128955,Associate,Senior,Healthcare,Suburban,96457.02340203433
19.27257834618947,Master,Mid-level,Healthcare,Suburban,141333.81482551288
0.7953393162486544,High School,Senior,Manufacturing,Urban,80067.51482510933
17.5732674382039,Associate,Mid-level,Manufacturing,Urban,101376.58349182249
28.206907242748727,High School,Executive,Retail,Suburban,166687.22003278922
17.26422533627637,High School,Senior,Manufacturing,Suburban,125830.36879117884
11.645097786195658,High School,Senior,Finance,Urban,124294.18145634195
19.298646553270594,PhD,Entry-level,Retail,Urban,121109.54629972627
13.747586714745498,High School,Mid-level,Manufacturing,Urban,107330.11009839027
16.36850367947805,PhD,Executive,Retail,Urban,178956.5986851923
28.243944263295756,Master,Entry-level,Healthcare,Suburban,143160.12964210287
11.583079134023228,Associate,Entry-level,Healthcare,Urban,93398.54448516903
28.835716914717427,Associate,Executive,Retail,Suburban,188027.65380189233
27.160519258681912,Associate,Entry-level,Finance,Rural,119139.02760507443
5.873734043678893,Associate,Mid-level,Finance,Rural,62181.23601058005
2.0808390262549636,Associate,Mid-level,Retail,Urban,66917.1966898834
3.0233400413227995,Associate,Senior,Manufacturing,Rural,81693.64547582608
0.5466547695464918,Associate,Entry-level,Education,Rural,48308.10277666641
2.8332888226778516,Master,Senior,Finance,Rural,102165.17024933425
20.490203202490704,High School,Entry-level,Technology,Urban,103555.35789835628
2.13565945380687,Bachelor,Mid-level,Healthcare,Urban,102976.68034758088
9.56926890881284,PhD,Mid-level,Retail,Rural,114090.56681846567
25.346259329083637,Bachelor,Mid-level,Technology,Suburban,138530.0288947823
0.698158072074776,Bachelor,Entry-level,Retail,Rural,39517.58273514206
24.434054477668074,High School,Mid-level,Healthcare,Urban,110399.59929408251
8.455643243201997,High School,Entry-level,Healthcare,Urban,79407.47553937066
3.5449448286496876,High School,Senior,Finance,Urban,106883.37969635271
20.902114960924518,Associate,Entry-level,Finance,Rural,88414.0347280736
18.86828540339652,Master,Senior,Technology,Suburban,148557.47534913415
26.32416040581159,Associate,Entry-level,Retail,Urban,80390.24208050942
22.052131314116572,Master,Senior,Healthcare,Urban,148395.73844138876
24.104427911545457,Master,Mid-level,Technology,Rural,157323.04669448815
8.461037177139195,Bachelor,Senior,Education,Suburban,99117.51864425372
5.323186313391685,Bachelor,Mid-level,Technology,Rural,92541.17083899418
22.51844254922575,Master,Mid-level,Manufacturing,Urban,148111.3248304035
24.20504217801792,Master,Senior,Technology,Suburban,150860.8576760129
29.7151542600202,Associate,Entry-level,Manufacturing,Suburban,109277.41326785124
12.378530307342794,Associate,Entry-level,Manufacturing,Urban,87136.21598979214
11.160542573783495,Bachelor,Executive,Manufacturing,Suburban,160446.07836663947
23.292388822259905,High School,Entry-level,Education,Suburban,115268.8082011875
10.224106207590536,Master,Executive,Technology,Rural,153762.21982639912
27.92271976810694,Associate,Entry-level,Technology,Urban,126432.72483505266
25.752382555290353,Bachelor,Entry-level,Education,Urban,109776.74773661607
12.869820821250551,Associate,Mid-level,Healthcare,Urban,108458.84319086785
22.526132033744922,Master,Executive,Finance,Urban,206465.3355844823
22.63628622254047,Master,Entry-level,Technology,Urban,117941.01047398098
3.0937160650779783,PhD,Executive,Finance,Suburban,170477.39605474938
27.076587200387,High School,Mid-level,Retail,Rural,88574.15988679114
15.157571173435715,PhD,Mid-level,Retail,Urban,134347.61735258537
24.793723983232248,Bachelor,Executive,Education,Rural,182569.03262636976
9.601488030918352,Associate,Mid-level,Retail,Rural,83589.57774826772
26.865696854886014,Bachelor,Senior,Retail,Suburban,157312.57696064352
11.676050362024894,Master,Senior,Healthcare,Urban,142028.29912614689
0.3251295444089508,PhD,Mid-level,Healthcare,Suburban,102131.15328680066
27.16145929257791,PhD,Senior,Healthcare,Urban,170512.23521854292
2.7386003035840067,PhD,Entry-level,Retail,Suburban,71354.99297067751
9.579409127712445,Bachelor,Executive,Education,Rural,161026.16445719823
28.501859011524147,Master,Entry-level,Manufacturing,Urban,144367.07208010808
28.51821440812668,Associate,Executive,Manufacturing,Rural,177655.32445313284
17.203136643698585,Associate,Mid-level,Finance,Rural,101866.30075992992
18.95511636509398,Bachelor,Entry-level,Manufacturing,Suburban,86864.0889802503
13.453365659349593,PhD,Mid-level,Manufacturing,Urban,141634.29977137363
8.796323150941936,High School,Mid-level,Healthcare,Rural,84246.81453880166
9.859936361097478,Bachelor,Executive,Healthcare,Suburban,179132.04708683243
20.175553682311154,Bachelor,Executive,Retail,Urban,169567.8765928249
22.5712358831304,Master,Executive,Finance,Urban,198362.39277607863
23.747371311775456,Associate,Entry-level,Technology,Rural,99809.20184880662
23.688544283836617,Bachelor,Senior,Finance,Urban,160841.98394493092
2.736183091460711,Bachelor,Executive,Finance,Rural,140315.6898074451
14.832609141077445,PhD,Executive,Education,Urban,180935.60737761788
1.7267628004993285,PhD,Entry-level,Retail,Suburban,85267.60089023437
16.485866469712064,High School,Executive,Education,Rural,155183.08656487995
13.245915041201311,Master,Entry-level,Finance,Rural,84329.08907676538
26.631125482748992,High School,Mid-level,Finance,Urban,138816.67897655294
10.52745037656236,PhD,Executive,Finance,Urban,199756.88784509077
3.5120104928281757,Associate,Executive,Manufacturing,Rural,131366.9859581343
4.289750461585076,PhD,Mid-level,Education,Urban,109375.47954693052
22.845318951524167,Master,Mid-level,Finance,Suburban,143231.2156142074
18.54654189948783,PhD,Mid-level,Healthcare,Urban,133476.0530964131
3.033680283683707,Master,Executive,Retail,Suburban,149367.67535900822
2.523204183449923,Master,Senior,Retail,Suburban,86522.57292080804
21.0290739437736,Master,Senior,Healthcare,Suburban,160822.70434257656
2.182890190925806,Master,Senior,Retail,Suburban,91750.84815743302
24.655801778710686,Master,Executive,Manufacturing,Suburban,212345.80184171136
21.187266814694887,Associate,Mid-level,Manufacturing,Urban,112073.33268972527
2.440463419256993,High School,Executive,Technology,Suburban,132764.25701920222
2.5451314225557575,Bachelor,Mid-level,Technology,Urban,88812.92378426646
29.599187355035262,High School,Executive,Technology,Suburban,186317.98597084975
11.228123872683609,Master,Executive,Retail,Rural,174641.5611968476
11.119264412006727,Associate,Mid-level,Manufacturing,Suburban,65360.44225866266
24.383987017725076,PhD,Senior,Manufacturing,Rural,174537.627896332
28.417457321515762,Associate,Mid-level,Manufacturing,Suburban,128215.1494540486
29.580031914686128,Master,Entry-level,Healthcare,Suburban,117089.8473508001
22.601345557768248,Associate,Entry-level,Manufacturing,Suburban,82449.56718504411
11.287787565927474,Associate,Mid-level,Healthcare,Rural,104339.50540393697
2.505021500960063,Master,Executive,Technology,Rural,145554.97420249283
23.314407477823103,Associate,Entry-level,Technology,Suburban,90095.3098496866
16.752127492074152,Bachelor,Entry-level,Retail,Urban,102877.4004077956
12.72666027740929,Bachelor,Executive,Technology,Suburban,173838.84931767773
27.190631552842078,Associate,Executive,Retail,Rural,163002.00734032018
3.3359244691845404,PhD,Senior,Finance,Suburban,130838.09869241527
14.778753128725775,Master,Executive,Finance,Rural,166299.97942104877
0.34060934302257206,Bachelor,Mid-level,Education,Rural,81689.4326702712
14.059819259823788,PhD,Mid-level,Retail,Rural,126733.34816837891
1.6890982704551205,Associate,Senior,Education,Suburban,93698.25852912967
3.5645374880421574,PhD,Entry-level,Education,Rural,80745.68558855448
3.5257874033131467,High School,Entry-level,Finance,Rural,66663.45605530002
19.476309063481906,Bachelor,Executive,Retail,Suburban,171949.48140084607
22.3813463779627,Associate,Mid-level,Finance,Rural,99943.95150171738
17.50106295291479,Master,Entry-level,Education,Suburban,104496.86503415264
28.86517645423626,Associate,Senior,Retail,Rural,156590.82340384368
11.246117385711122,Master,Senior,Education,Urban,122344.63983956371
8.571362588455822,Associate,Mid-level,Manufacturing,Urban,86528.09750997179
26.057973845683808,PhD,Senior,Retail,Rural,164280.40807238215
6.707875155583579,PhD,Senior,Retail,Urban,130876.70182110976
28.89667618321834,PhD,Mid-level,Education,Suburban,142970.31656266353
0.36463424069449024,High School,Executive,Manufacturing,Urban,139947.84704369368
29.09636480122917,Master,Executive,Healthcare,Rural,226393.13682263094
1.2947973585172834,PhD,Senior,Finance,Rural,121550.90930727364
26.734293410942133,High School,Executive,Education,Suburban,164427.90392452426
15.831033272588996,Master,Executive,Retail,Rural,154172.46129464326
29.78894388357901,Associate,Senior,Finance,Suburban,154157.64757936983
2.213896942061966,High School,Executive,Finance,Urban,147466.5673172865
16.615628532039622,Bachelor,Senior,Finance,Urban,144982.93452903308
29.07907606857297,High School,Entry-level,Healthcare,Suburban,103134.1137279574
15.692935325104465,High School,Mid-level,Technology,Suburban,95493.15413231587
18.881959144057877,Master,Mid-level,Education,Rural,106842.28196093487
20.872460669538516,Associate,Executive,Technology,Urban,190092.43460232584
13.636231943033197,Bachelor,Executive,Technology,Suburban,181410.18009992226
18.8267424025219,PhD,Executive,Technology,Urban,192196.18693813647
17.529429357693008,PhD,Mid-level,Finance,Suburban,152957.24849719286
27.03474031472967,High School,Entry-level,Manufacturing,Urban,107810.19283839935
1.3633914102437361,Master,Entry-level,Finance,Rural,83722.7292719454
8.428895687766909,Master,Mid-level,Finance,Urban,100436.51389068268
28.51234452229676,PhD,Entry-level,Retail,Urban,121366.44749043912
26.70791351672749,Bachelor,Mid-level,Retail,Urban,129926.13393578203
13.669702583571388,Associate,Entry-level,Technology,Urban,92367.24943609472
18.603977934046103,Bachelor,Senior,Finance,Urban,162171.5640973618
8.32143548943398,Associate,Senior,Technology,Rural,113703.66011701927
5.64363479171284,PhD,Mid-level,Retail,Suburban,101860.45681530536
13.910952148199465,Associate,Entry-level,Manufacturing,Urban,70558.21221974002
10.600566840781585,Master,Executive,Education,Rural,173501.13940875468
17.509683355526164,High School,Entry-level,Technology,Urban,80372.3124535452
2.3320391089495454,High School,Senior,Manufacturing,Urban,108948.76376562231
29.231844229984993,PhD,Senior,Education,Suburban,170619.8419639049
29.586322334388086,Master,Entry-level,Healthcare,Urban,150078.46539495466
20.944851420592354,Bachelor,Entry-level,Technology,Rural,108679.01574177749
16.082890990323612,Master,Executive,Technology,Rural,180795.82708622265
9.285828488589832,High School,Executive,Healthcare,Suburban,138377.69325891839
24.413850591208462,High School,Entry-level,Healthcare,Urban,95418.62240895613
20.541935176616377,Master,Entry-level,Technology,Rural,115367.03727698512
4.8785081803467385,Master,Entry-level,Healthcare,Urban,85528.58132287065
27.327815534815272,High School,Entry-level,Finance,Urban,100717.51698894349
24.67611728769507,Bachelor,Mid-level,Education,Urban,127695.92047221382
28.49399739875772,PhD,Entry-level,Education,Suburban,132773.76509470693
21.771585251650798,PhD,Executive,Education,Urban,182255.82955915347
18.402455878073695,Master,Senior,Finance,Rural,148386.5929040344
12.547291088718566,PhD,Mid-level,Healthcare,Urban,120297.36993026907
27.981854500620397,High School,Entry-level,Manufacturing,Rural,82430.38496918333
25.98191668501225,High School,Senior,Healthcare,Urban,125090.3898989174
1.3565601031856822,Master,Mid-level,Technology,Rural,74774.19522769246
0.7910092349175601,Master,Senior,Retail,Rural,86027.54343871222
11.293901006341487,Master,Entry-level,Education,Urban,85497.59243637808
24.316599923454987,Bachelor,Entry-level,Healthcare,Urban,133165.79122217567
29.618283879448335,PhD,Executive,Manufacturing,Rural,206977.77099994465
4.5125067331058455,Master,Entry-level,Technology,Suburban,85802.514528892
17.823921460564055,Associate,Entry-level,Finance,Urban,96652.65678619141
11.426725698930646,Associate,Mid-level,Finance,Suburban,96164.10326001978
29.097431934438095,High School,Executive,Manufacturing,Urban,185420.42926161626
25.26356769407126,PhD,Mid-level,Technology,Urban,148574.19775215007
25.149861141334135,Master,Senior,Education,Urban,174808.9977654604
14.060794793849109,Associate,Entry-level,Healthcare,Urban,101193.55602407707
12.444585070129955,PhD,Senior,Technology,Suburban,133062.58319903305
8.202212157921187,High School,Mid-level,Finance,Urban,78164.13840697859
1.6912648995278134,Bachelor,Entry-level,Manufacturing,Rural,53584.42637528557
25.941671287651598,PhD,Entry-level,Manufacturing,Rural,115237.96462620128
24.387030273902326,PhD,Mid-level,Healthcare,Suburban,153833.71608236327
29.991530198583916,Bachelor,Mid-level,Manufacturing,Urban,135700.3383731017
29.89910511221716,PhD,Mid-level,Manufacturing,Rural,174448.77090250034
16.662951168078823,High School,Mid-level,Technology,Suburban,115231.38827959361
23.069622455415313,High School,Mid-level,Education,Urban,113264.98521715277
28.34297189647284,Bachelor,Entry-level,Healthcare,Rural,121955.806426143
25.489421720322344,Master,Mid-level,Technology,Rural,152037.84768421776
7.42044305229593,Associate,Entry-level,Education,Suburban,54201.411224009425
13.516324059302805,Master,Entry-level,Technology,Urban,98870.47567318595
3.8747824545448495,PhD,Mid-level,Retail,Urban,106530.99553878618
28.62153081776167,Associate,Mid-level,Technology,Rural,135859.42288050277
18.1852390335264,Bachelor,Executive,Manufacturing,Rural,170761.08205358696
6.859284165103881,Bachelor,Entry-level,Education,Rural,47948.60350829779
20.151020532175703,Associate,Mid-level,Healthcare,Urban,107273.79662484299
18.543847213736875,High School,Mid-level,Healthcare,Suburban,101347.96579152996
10.744881540985215,Associate,Mid-level,Education,Suburban,85733.10703871213
3.4067277659888706,PhD,Executive,Manufacturing,Urban,189538.87729987584
20.14719586778399,High School,Executive,Finance,Suburban,153434.512311578
15.609231027113799,Bachelor,Senior,Technology,Rural,136274.35447258633
23.16955175206918,Associate,Entry-level,Manufacturing,Suburban,109230.23458742125
15.604905033359803,Master,Senior,Retail,Suburban,156924.30752094756
25.565445009556203,Master,Mid-level,Education,Suburban,132086.9157872728
16.557205163234567,PhD,Executive,Technology,Rural,198028.70485367114
16.828139146061588,Master,Executive,Healthcare,Urban,194353.88186410963
26.29960807975035,Associate,Senior,Finance,Rural,141554.03347503362
12.10448598637191,Associate,Executive,Retail,Urban,151220.51996035074
4.020456853519222,Master,Mid-level,Healthcare,Urban,107400.6676020389
0.8634802894001692,Associate,Executive,Education,Urban,106404.4997266035
22.65411767020857,PhD,Senior,Technology,Suburban,177128.93024104345
18.60928654060394,High School,Mid-level,Education,Suburban,98480.35211782754
21.122393042976707,PhD,Senior,Technology,Urban,170020.03711817076
6.388924845267322,PhD,Executive,Manufacturing,Urban,196246.4716477302
4.091144267603093,Associate,Senior,Finance,Suburban,93432.94834730067
0.43633997003645786,High School,Senior,Manufacturing,Rural,74841.9200494226
10.51762676419791,Associate,Entry-level,Manufacturing,Urban,93950.78655044315
17.697530605638992,Bachelor,Executive,Education,Rural,157074.44816277942
11.767321352991969,Associate,Executive,Finance,Suburban,150033.48987661855
13.124247660711871,Associate,Senior,Technology,Urban,124778.24108711525
27.124760834812452,Associate,Entry-level,Technology,Rural,112656.8664909204
10.447664010699011,High School,Executive,Retail,Rural,135973.35309493114
15.419684674794324,Associate,Mid-level,Healthcare,Rural,82913.11587806602
23.509590382234293,High School,Senior,Retail,Suburban,119697.4951331967
11.896283469638105,Master,Executive,Retail,Suburban,160719.0226071541
18.662601006836205,Bachelor,Mid-level,Technology,Rural,116552.99156144196
25.870911262402355,High School,Executive,Education,Rural,171000.259111103
28.485618709729263,Master,Mid-level,Manufacturing,Suburban,149153.29497833824
4.4122044278711385,High School,Senior,Manufacturing,Rural,69064.29131525826
27.797628754844833,High School,Executive,Manufacturing,Rural,184234.66738529823
14.763488792386145,Bachelor,Executive,Finance,Suburban,174052.66604473852
7.747331648968751,PhD,Entry-level,Technology,Rural,109339.98377387656
13.77407268714784,PhD,Senior,Education,Rural,141990.1286472024
29.40097725856431,High School,Mid-level,Finance,Rural,131815.18409448623
14.778542819786088,Associate,Executive,Healthcare,Suburban,164222.53875407344
9.862548308625247,Master,Executive,Education,Rural,173187.354179278
19.002025629501773,Associate,Mid-level,Retail,Suburban,106226.55761918133
7.204368563345792,Associate,Senior,Education,Suburban,98429.58466226254
2.275899843259918,High School,Entry-level,Education,Urban,72276.14689098866
3.8663916573194768,High School,Entry-level,Manufacturing,Urban,64623.15453743788
3.8413751687331734,High School,Executive,Education,Rural,128420.19454751049
4.55708080536883,High School,Mid-level,Retail,Suburban,54351.117445354306
4.164815179482304,PhD,Executive,Retail,Urban,153446.55418432923
19.226242344096438,High School,Mid-level,Technology,Rural,106379.6395096114
5.456402531974344,PhD,Entry-level,Education,Urban,92368.0170416311
10.370018499715897,PhD,Senior,Manufacturing,Urban,137598.81134934863
26.903652297180354,High School,Mid-level,Education,Suburban,115217.1315904813
14.218849207886171,Bachelor,Entry-level,Healthcare,Suburban,104323.9676962083
20.026732155630814,Master,Executive,Healthcare,Urban,202007.4890567646
5.169596136048895,Associate,Mid-level,Manufacturing,Urban,71929.10717457041
5.768670564260123,PhD,Senior,Technology,Suburban,135422.25285709082
1.226058487994366,Master,Executive,Technology,Rural,144402.4521674631
5.068051892164936,Bachelor,Executive,Retail,Suburban,139259.10462024427
8.35771017095876,Associate,Entry-level,Retail,Urban,60579.26368562109
5.3103145283024045,Associate,Mid-level,Finance,Rural,72844.17323056476
2.6610760127116686,PhD,Executive,Manufacturing,Urban,155770.7983056894
3.6190761330180243,High School,Senior,Education,Rural,80961.60545085414
13.823363040981773,Bachelor,Mid-level,Manufacturing,Urban,105040.64971349043
6.190011552173775,PhD,Senior,Finance,Rural,100085.53620432488
10.928095831442263,Bachelor,Executive,Retail,Rural,170385.91190790114
15.102518125645707,High School,Senior,Manufacturing,Urban,129092.73279345814
20.71184485888096,High School,Entry-level,Manufacturing,Rural,75660.68246851195
1.179364195232968,PhD,Senior,Retail,Suburban,115546.91888787191
23.98231196727128,High School,Mid-level,Finance,Urban,108248.08046136695
18.837011684727234,Master,Senior,Retail,Suburban,157631.25214756312
2.4527709584661572,Associate,Senior,Technology,Urban,123878.42886466344
26.207358723203317,PhD,Entry-level,Education,Rural,123981.65472887189
27.626172015954396,Bachelor,Senior,Retail,Rural,153487.65047376222
1.8323387956459125,Master,Senior,Finance,Rural,112417.54538063107
8.30632944441611,PhD,Executive,Healthcare,Urban,168245.40450007294
24.18603839379184,High School,Executive,Technology,Suburban,174253.8430979471
22.44779071150975,High School,Mid-level,Healthcare,Suburban,111214.86109073907
5.53563058069132,High School,Executive,Retail,Urban,129525.78397394822
6.280479700101309,High School,Executive,Technology,Urban,145374.42662585224
11.11416308374146,Bachelor,Executive,Education,Suburban,156314.33059239178
14.53568955573064,Master,Executive,Retail,Suburban,171262.59413280667
18.54764314590888,Associate,Entry-level,Education,Suburban,82617.87119679259
11.067409187093173,Bachelor,Executive,Manufacturing,Suburban,149528.76771022033
13.876041483994436,Bachelor,Entry-level,Healthcare,Urban,85581.92147670951
22.424128144012695,Associate,Entry-level,Technology,Urban,92002.41363102569
1.100496086717937,Associate,Executive,Education,Rural,131979.14767029788
7.573108330320623,High School,Senior,Finance,Suburban,81089.74724223801
21.400487576536573,Bachelor,Entry-level,Education,Rural,104336.8785862424
26.85620513061598,PhD,Senior,Finance,Urban,194575.9042338604
15.350323263469983,Associate,Senior,Retail,Urban,115678.84065711375
15.96340455795947,Associate,Executive,Technology,Rural,135895.43823764595
3.2151603401932816,Master,Mid-level,Education,Suburban,87817.21506071366
13.422371004703638,PhD,Executive,Education,Suburban,181202.90039651908
15.978517993650694,PhD,Mid-level,Technology,Suburban,126851.05378801224
7.27411510904189,Associate,Mid-level,Education,Suburban,74396.04628000135
8.077296928481429,High School,Executive,Finance,Rural,153456.54584559638
11.31852489313868,Master,Executive,Education,Rural,169286.32140929476
0.602135933331791,PhD,Mid-level,Healthcare,Urban,96958.63072288258
9.66237496749535,Associate,Executive,Retail,Suburban,126348.7582390364
6.34344020989634,PhD,Mid-level,Manufacturing,Suburban,107416.70724369497
9.82492056533744,Master,Senior,Finance,Suburban,129515.2733371705
3.5928639545775365,Master,Executive,Healthcare,Rural,157147.71978278825
26.715818422196847,Bachelor,Senior,Retail,Suburban,141078.4697187171
17.80777360662146,Associate,Entry-level,Technology,Rural,90730.54296686153
20.37306957433469,Master,Senior,Finance,Suburban,172097.67954927168
23.67513715822015,Bachelor,Senior,Manufacturing,Suburban,153505.28454088295
14.953265967871719,Bachelor,Mid-level,Retail,Urban,107425.64686243571
2.6076086426227105,PhD,Senior,Manufacturing,Suburban,121383.71257471248
16.113196254556435,PhD,Executive,Technology,Suburban,193659.66116731416
17.605233540626372,Bachelor,Mid-level,Technology,Urban,137016.8762057742
22.3631842255299,PhD,Entry-level,Finance,Rural,115453.23399154676
12.949786386890382,Master,Executive,Education,Rural,166351.7998637806
3.827409083866913,High School,Entry-level,Technology,Suburban,58166.79718654468
8.513277173961734,Master,Senior,Retail,Rural,110008.71241980814
10.892468891959053,Bachelor,Executive,Education,Suburban,143060.2823050771
19.377517239948038,Bachelor,Executive,Healthcare,Urban,186984.77951607274
17.123349140067358,Master,Entry-level,Manufacturing,Urban,106636.65856158089
10.682901776935388,PhD,Executive,Education,Suburban,181368.20824823645
29.59545746378939,PhD,Executive,Manufacturing,Urban,216854.9118631871
18.173244580706616,Bachelor,Executive,Education,Urban,188554.7021495437
7.116803752079834,Associate,Senior,Healthcare,Suburban,95465.86969204123
3.0534741786121122,PhD,Entry-level,Technology,Suburban,108227.35119740316
4.585774175529961,Master,Executive,Healthcare,Urban,146695.18325277732
7.378731851535244,PhD,Mid-level,Technology,Rural,119105.1643486394
4.82044119778667,Master,Mid-level,Technology,Rural,104395.18922083957
5.5970107215391725,Bachelor,Mid-level,Manufacturing,Suburban,81238.45076366953
8.552855060815412,PhD,Mid-level,Retail,Suburban,114349.64950024095
5.201207858842645,Master,Senior,Healthcare,Rural,128197.60241528688
26.902962738792755,Bachelor,Executive,Education,Urban,171637.73708404487
2.4070123698492663,Associate,Entry-level,Healthcare,Rural,54841.472814606685
15.73534168710764,Master,Executive,Manufacturing,Rural,149537.9751709145
12.311904809689846,Associate,Senior,Technology,Rural,104967.16158414762
29.47135850725819,Associate,Mid-level,Manufacturing,Rural,138234.38066352584
3.3611670650415704,High School,Senior,Finance,Suburban,87904.5137961626
11.935667971372249,PhD,Executive,Finance,Suburban,174132.5362986548
29.084112998261066,Master,Entry-level,Education,Urban,126188.84870667532
25.965213776819407,Associate,Senior,Manufacturing,Urban,165609.49093527434
24.512162128478398,High School,Entry-level,Education,Urban,75707.50178489654
7.737084811348195,Bachelor,Senior,Education,Urban,104961.07050630293
5.126627621701974,Master,Entry-level,Finance,Rural,92227.57207520022
20.05929659773293,Associate,Entry-level,Education,Suburban,103695.61663084319
27.881279673827574,PhD,Mid-level,Finance,Suburban,156728.2471047523
16.702886790417892,High School,Entry-level,Technology,Urban,76015.24655556936
17.148380684096995,Associate,Mid-level,Manufacturing,Urban,128255.19638628558
8.399372809808526,PhD,Executive,Education,Rural,182743.16953710903
23.084787995758106,Associate,Executive,Finance,Rural,179959.04586913853
5.611312456725701,Master,Mid-level,Healthcare,Urban,98098.6014240772
9.71037709212731,Master,Mid-level,Education,Suburban,103930.46077587425
12.763093158492504,Master,Senior,Retail,Suburban,126922.5855065367
15.22831136053365,High School,Senior,Technology,Suburban,123765.13576722308
7.2722919724524075,Master,Senior,Technology,Urban,149054.59832621817
3.445104742176106,PhD,Executive,Healthcare,Suburban,175684.37989572625
18.318601273248976,Associate,Senior,Finance,Rural,112863.44177665038
8.658916597207673,Bachelor,Entry-level,Education,Rural,81082.79769461072
17.437146642678368,PhD,Entry-level,Finance,Urban,125005.61468548828
4.630881458226069,PhD,Senior,Technology,Rural,136132.4208750413
14.434203055644524,Master,Entry-level,Finance,Urban,120533.81470407508
15.977682976547577,High School,Executive,Technology,Suburban,150839.56345795962
1.5547061046728072,Associate,Entry-level,Finance,Suburban,54751.15642228099
10.098128345817617,High School,Executive,Healthcare,Suburban,139881.7111780431
4.032440308169227,Associate,Mid-level,Manufacturing,Rural,55386.286362683895
1.9012491141830323,Associate,Mid-level,Healthcare,Urban,82269.59800441527
29.698806971698357,High School,Mid-level,Healthcare,Suburban,149513.17945924096
9.67061534924169,PhD,Mid-level,Manufacturing,Urban,103940.45325342586
24.296233375639044,Associate,Entry-level,Manufacturing,Suburban,96269.66064078339
7.6392196429129156,High School,Senior,Education,Rural,96683.86863657355
20.44508166671788,Associate,Entry-level,Education,Rural,82120.94534999758
22.806835796690596,Bachelor,Executive,Healthcare,Urban,189482.3910682238
17.869162218235328,PhD,Entry-level,Healthcare,Rural,97746.16080201243
14.147285656504751,Master,Entry-level,Technology,Rural,100622.43874241115
12.355227424418056,Associate,Executive,Technology,Urban,157142.81507867685
10.46604799628986,Bachelor,Mid-level,Education,Suburban,74032.8789427942
27.885874327434774,Master,Mid-level,Retail,Rural,145717.67086000688
24.918582233631874,Master,Mid-level,Retail,Urban,147421.02266568417
28.950807319995377,Associate,Senior,Education,Rural,138418.22440850156
3.728916704566342,High School,Executive,Technology,Rural,134748.5802911897
21.92602425610933,Associate,Executive,Technology,Rural,184595.22863937428
28.150213704631135,Bachelor,Entry-level,Retail,Rural,106543.82397704311
5.436991984969804,Master,Senior,Finance,Urban,136914.15951755276
1.9948880210033249,Associate,Mid-level,Finance,Urban,78014.95403326815
22.233619478701772,High School,Senior,Technology,Urban,152587.076343143
17.234193395397355,Associate,Executive,Finance,Rural,164676.24405012158
25.254863302748163,PhD,Executive,Manufacturing,Rural,205450.24604155504
4.193171298788685,High School,Entry-level,Education,Rural,30685.731710457054
23.858019355796706,Bachelor,Entry-level,Education,Urban,110585.5972546105
6.048819601432336,Master,Executive,Technology,Rural,153778.09002792015
4.909678285971135,Associate,Mid-level,Healthcare,Suburban,73436.52930665734
4.927973937929789,High School,Mid-level,Retail,Rural,54702.19159269837
24.437241606941463,PhD,Senior,Technology,Suburban,163212.13389489066
19.955916620886004,High School,Executive,Finance,Rural,183159.54727194164
15.69196274307358,PhD,Executive,Retail,Urban,202697.3161060312
10.764914523705075,Bachelor,Mid-level,Healthcare,Rural,115733.50406885277
26.31601622439325,Master,Mid-level,Finance,Suburban,132403.08225323085
11.773353222679061,Bachelor,Executive,Manufacturing,Suburban,162259.24394446705
24.497983184147312,Associate,Entry-level,Finance,Rural,83060.89011625366
13.174047257106553,High School,Executive,Manufacturing,Suburban,142391.14574224246
11.308332882747226,PhD,Executive,Retail,Suburban,166435.3959313287
13.880393570088193,PhD,Mid-level,Manufacturing,Urban,143156.627204592
9.041336224924262,High School,Mid-level,Retail,Rural,67120.37566883092
22.428281405287535,High School,Entry-level,Retail,Rural,88540.35614751522
15.081611702774374,Associate,Entry-level,Retail,Rural,74204.43230143393
6.96638085440452,Bachelor,Senior,Retail,Suburban,129969.14922985692
26.987237198237054,PhD,Executive,Retail,Rural,187180.03216507687
11.516736641196342,Associate,Mid-level,Finance,Rural,102625.80568026067
16.306585833419657,Bachelor,Entry-level,Retail,Urban,102077.58037084658
27.19416332893641,Associate,Senior,Finance,Urban,141654.53827760246
18.727139877419763,PhD,Senior,Retail,Urban,165525.61311957112
3.506941221250922,High School,Mid-level,Manufacturing,Suburban,73375.33207276413
28.194963708404252,High School,Mid-level,Retail,Rural,107115.16481727442
18.831241592142536,Bachelor,Senior,Healthcare,Urban,134423.12831456505
10.047168439712584,Master,Entry-level,Retail,Urban,80903.2423649333
4.1781621799016175,Bachelor,Senior,Retail,Urban,126854.4453176625
23.820755678108878,Master,Executive,Manufacturing,Rural,190648.33954579258
18.602182677855406,Associate,Executive,Education,Rural,165025.66537102542
16.003832759289647,Associate,Mid-level,Manufacturing,Rural,87098.67170190376
26.81677749152873,PhD,Entry-level,Healthcare,Suburban,125835.02552084107
23.657916336735923,Master,Entry-level,Education,Suburban,123135.68076597126
4.550246391982535,PhD,Executive,Technology,Urban,165604.73066844975
9.351662033866447,High School,Senior,Technology,Rural,99551.18638868019
7.454674194433972,Master,Mid-level,Healthcare,Urban,110249.62249959027
22.31838877718031,Bachelor,Senior,Manufacturing,Rural,138750.50357276114
1.0059730420733815,High School,Senior,Finance,Rural,82221.0132339852
17.096690546139495,High School,Senior,Healthcare,Rural,118151.57890323822
22.873760572220718,Bachelor,Entry-level,Education,Suburban,107676.07870261956
26.302969102852483,High School,Executive,Education,Suburban,179952.31366029827
10.262452461477224,Master,Entry-level,Retail,Rural,68666.86683627618
24.637719140160385,PhD,Executive,Technology,Urban,216433.8873010328
3.318952108656217,High School,Mid-level,Education,Rural,73585.53283608181
25.393568752035545,Master,Mid-level,Healthcare,Rural,144733.60937980982
3.8246598699594725,Associate,Senior,Education,Urban,83920.72522510831
11.918618716811018,Master,Executive,Healthcare,Rural,172352.03643714407
23.918860973386607,PhD,Executive,Finance,Urban,195055.4694530251
4.497522820463214,Master,Executive,Retail,Suburban,152464.39466153012
6.877541856979245,Bachelor,Senior,Technology,Suburban,137732.75388141826
21.667577051791987,PhD,Senior,Education,Urban,153856.2269308941
21.601096096382232,Associate,Mid-level,Healthcare,Suburban,104858.96173784864
19.234428986558918,Bachelor,Entry-level,Manufacturing,Suburban,104109.15578884643
20.818453334013,Master,Executive,Technology,Urban,186208.89151592954
16.281733300427884,PhD,Executive,Finance,Suburban,188235.91630200535
7.553971767208583,Associate,Entry-level,Healthcare,Rural,66072.35491023469
10.370879805117584,Bachelor,Executive,Retail,Rural,142398.90113334113
5.44793150404277,Associate,Senior,Retail,Urban,96536.16313597582
27.25351684000885,Master,Senior,Finance,Suburban,173948.89078316803
17.501753842983614,Associate,Executive,Finance,Rural,166218.96852133283
12.025542502909197,High School,Senior,Retail,Rural,99719.26896877242
13.86017410932398,Bachelor,Senior,Education,Suburban,119329.12542594758
28.41850018835446,Associate,Executive,Education,Suburban,185537.61152939848
4.600542093482406,Master,Mid-level,Healthcare,Rural,92963.75738596724
17.586894960503916,Master,Entry-level,Manufacturing,Rural,102751.84602026569
15.17666036653398,Associate,Senior,Healthcare,Urban,120384.00048188817
18.343627063039435,Master,Mid-level,Manufacturing,Urban,127861.56438228345
0.5433055146252153,PhD,Senior,Finance,Rural,108187.0331037303
26.163717268324543,PhD,Senior,Technology,Urban,181977.35843658674
27.96354847450837,PhD,Entry-level,Healthcare,Rural,122817.08831272829
16.953995507676268,High School,Senior,Healthcare,Rural,102767.5265137326
20.899524716306768,Associate,Entry-level,Manufacturing,Urban,97385.66091116742
27.67498143531887,High School,Entry-level,Finance,Urban,109477.36062921434
21.21715902940196,Master,Entry-level,Finance,Suburban,122263.05540828964
4.57617128742784,High School,Mid-level,Manufacturing,Suburban,67841.08687910468
17.288650805004394,Master,Executive,Finance,Suburban,190657.83007837634
18.201451391485676,Master,Mid-level,Retail,Rural,119910.878505708
12.72392013907158,Bachelor,Executive,Education,Urban,169895.57835645913
22.093327068741687,PhD,Executive,Retail,Rural,183930.11730946196
28.031010443070446,Master,Entry-level,Technology,Urban,137555.65570885278
27.76705538720329,Bachelor,Senior,Healthcare,Rural,154175.5137349532
13.525181142123962,PhD,Entry-level,Technology,Suburban,112122.14695332735
3.397141375222658,Master,Senior,Healthcare,Suburban,95929.50616673447
29.54523596887004,Master,Executive,Education,Suburban,205695.36817747488
25.166942593378025,High School,Entry-level,Finance,Rural,114459.19558072848
3.739880436098005,High School,Senior,Retail,Urban,86879.36818462619
27.62525647852117,PhD,Mid-level,Manufacturing,Urban,150969.74197848912
26.096890861863848,Master,Senior,Retail,Suburban,158927.2673208417
15.565141713782163,Associate,Entry-level,Education,Suburban,79254.06553223004
17.738263072347877,High School,Mid-level,Technology,Suburban,117403.8777988599
11.970081116103907,PhD,Senior,Manufacturing,Suburban,129361.48067311896
1.64284916466094,Master,Senior,Finance,Urban,127599.5008550718
10.055917249377028,Master,Senior,Education,Rural,126016.0551112687
24.085603457940344,Associate,Senior,Manufacturing,Rural,129749.74154647524
0.13896069013808576,PhD,Senior,Education,Rural,113664.79455949308
10.004975150734325,Master,Mid-level,Education,Rural,110304.52511745223
11.9450608077283,High School,Executive,Finance,Suburban,159613.27541574108
16.121868088137685,Associate,Mid-level,Healthcare,Suburban,90813.54305553809
27.595668492382813,PhD,Mid-level,Manufacturing,Suburban,161392.91885232046
10.390379830978837,Associate,Mid-level,Finance,Rural,87133.8736116325
10.40859605688683,High School,Executive,Education,Suburban,141545.93309392882
22.125037443292452,PhD,Entry-level,Finance,Suburban,126982.04479660184
13.566538226694215,Associate,Executive,Healthcare,Urban,160630.64656540583
6.738144688199458,Bachelor,Mid-level,Retail,Urban,103393.36434746957
13.573185483980803,High School,Senior,Manufacturing,Suburban,109309.19136946948
4.225710611393996,High School,Senior,Healthcare,Urban,87255.95993895631
5.291609595186699,High School,Mid-level,Technology,Urban,81647.92063067612
14.951033182184393,Bachelor,Senior,Manufacturing,Suburban,129689.01353247355
12.567763485136437,Bachelor,Mid-level,Healthcare,Suburban,117427.67481324337
27.445377032043,Master,Senior,Education,Suburban,165921.70091357434
10.871816973498994,Associate,Executive,Manufacturing,Suburban,141238.28115952754
17.417650508341303,Master,Entry-level,Manufacturing,Rural,122687.20018347153
18.96792863758591,Associate,Entry-level,Finance,Rural,87583.61038495161
0.3928336976500091,Bachelor,Executive,Education,Suburban,148539.57477529015
19.906121160501318,Bachelor,Executive,Technology,Urban,188295.09798523036
5.341079006092543,Master,Mid-level,Retail,Suburban,99015.75045923959
28.832109524083656,PhD,Mid-level,Healthcare,Suburban,166058.90409335136
4.459881832593389,Master,Mid-level,Finance,Urban,118101.71078272934
12.438723711810711,Associate,Senior,Healthcare,Rural,120451.13047740368
2.5604900423593158,Master,Mid-level,Technology,Suburban,108842.95008544842
29.906227555378422,High School,Executive,Technology,Suburban,186661.58779881577
15.065850309937277,Associate,Entry-level,Manufacturing,Rural,67414.24020031394
17.861550519601312,Associate,Senior,Technology,Rural,129049.1761424446
2.012294321652824,PhD,Mid-level,Healthcare,Urban,118355.86936671633
22.498814111975335,Bachelor,Senior,Education,Rural,132770.42121618462
6.2971677928675724,Associate,Senior,Education,Rural,103246.05524287901
26.941628683221413,Bachelor,Mid-level,Manufacturing,Rural,141409.42482130462
6.1541892144602155,Master,Senior,Retail,Urban,111145.16923818624
5.720631619909997,High School,Entry-level,Healthcare,Rural,43072.056201857195
1.0964900354428464,PhD,Executive,Healthcare,Rural,155789.22948183233
14.162008353299978,Bachelor,Executive,Technology,Urban,181400.14338849194
16.945233997878493,Associate,Entry-level,Healthcare,Rural,73644.79785808647
1.971259182850571,Bachelor,Senior,Finance,Rural,114464.54515437258
23.26582850085032,Associate,Mid-level,Retail,Urban,118772.32561688514
13.598665042440828,Bachelor,Senior,Technology,Suburban,132591.80056728906
15.731708079827401,Associate,Entry-level,Finance,Urban,74104.32092096952
13.222882408146845,Master,Senior,Manufacturing,Rural,116287.60665201863
12.02289182625978,Associate,Executive,Education,Rural,146855.87615533764
16.789209939246536,Associate,Senior,Manufacturing,Rural,95252.4636169447
4.657207377921376,High School,Entry-level,Education,Urban,64440.78885228347
5.457843914858134,Associate,Executive,Manufacturing,Rural,132334.14938599308
25.85356863040552,High School,Senior,Healthcare,Rural,164138.06695675838
28.38346386400898,PhD,Senior,Finance,Urban,206846.09023417908
11.199279488392587,High School,Executive,Education,Suburban,140584.06828431
8.122340194306613,Master,Mid-level,Technology,Suburban,110181.31036330007
19.319986297170473,High School,Executive,Finance,Rural,170595.78773436125
12.262025132942892,PhD,Mid-level,Technology,Urban,151555.77636506615
0.7615906698103458,Master,Entry-level,Finance,Rural,52142.890765260534
4.684577920985711,Bachelor,Entry-level,Finance,Urban,58505.40118842456
21.479166865421927,Bachelor,Executive,Manufacturing,Urban,179737.98567530003
19.76771825730454,High School,Executive,Education,Suburban,165362.81234634772
0.8128797751045047,High School,Entry-level,Education,Suburban,46594.49545528498
6.6591648579884835,PhD,Mid-level,Finance,Urban,131016.04426581546
6.932243897642142,PhD,Entry-level,Healthcare,Rural,76867.5125116312
20.15678230796185,Associate,Executive,Healthcare,Suburban,147152.12598623493
0.5913161326309246,PhD,Entry-level,Technology,Rural,89762.77421828329
3.123257459537215,Associate,Executive,Technology,Suburban,132964.55218942207
23.99748256119568,Master,Executive,Manufacturing,Suburban,175810.08647850496
5.356339861630008,High School,Entry-level,Finance,Rural,54163.31718285383
19.58238323555624,Master,Mid-level,Technology,Suburban,142096.52335329927
7.145483431401796,PhD,Senior,Technology,Suburban,138070.3955415908
2.983241782780355,Master,Entry-level,Retail,Rural,59387.99970373582
7.295165729983623,Master,Senior,Finance,Suburban,124996.70913850817
21.668007955669776,Master,Entry-level,Manufacturing,Suburban,107630.18828733172
25.67089404318857,PhD,Senior,Technology,Suburban,162861.31696697546
24.906595937009747,Master,Mid-level,Manufacturing,Rural,125666.3851041152
11.915505888553644,Associate,Mid-level,Education,Urban,99043.81082724543
20.042554097119385,PhD,Entry-level,Manufacturing,Rural,116301.89360800377
6.149528862474629,Master,Executive,Healthcare,Urban,168979.65578461747
8.794431907830397,PhD,Senior,Healthcare,Suburban,127637.378997127
26.890074555633593,Bachelor,Executive,Manufacturing,Urban,194965.1174899105
0.39005770532208106,Associate,Executive,Healthcare,Rural,104009.46494621561
2.5652559256340424,Master,Executive,Education,Rural,146915.278490122
6.23658765438082,Bachelor,Mid-level,Finance,Suburban,108761.75238689731
0.7959661162145915,Bachelor,Entry-level,Healthcare,Urban,51850.61091200813
5.443063052693919,PhD,Entry-level,Healthcare,Suburban,85026.84937221029
17.491246829090766,Bachelor,Mid-level,Manufacturing,Suburban,116273.56144528283
12.642736517774939,Associate,Mid-level,Education,Rural,97813.89937982471
26.780151332309245,Associate,Entry-level,Finance,Urban,106078.056501617
24.523306852153226,High School,Executive,Manufacturing,Urban,170124.11041164747
10.25452055093628,Associate,Senior,Manufacturing,Urban,93819.80967771172
7.782703002938774,Bachelor,Senior,Retail,Urban,114599.78729895862
11.390772245018008,Associate,Senior,Education,Suburban,128202.30489147345
17.708848275444232,PhD,Executive,Finance,Suburban,200191.28117053522
8.041909224686288,High School,Entry-level,Education,Rural,50861.02865753544
18.72446723547402,Bachelor,Mid-level,Finance,Suburban,122669.7575786179
12.282349565737213,High School,Entry-level,Education,Suburban,64453.7790919884
16.561415425559407,Bachelor,Executive,Manufacturing,Rural,157992.68712851751
13.0837958740595,PhD,Mid-level,Manufacturing,Rural,127400.39090489605
8.83397278625753,High School,Executive,Technology,Rural,144925.56080363263
28.453599208864702,Master,Senior,Healthcare,Suburban,167083.33093706597
22.908173824792826,Bachelor,Senior,Retail,Suburban,129062.68737680317
4.203395272993577,Master,Executive,Education,Rural,161441.86986533474
26.054039276937385,High School,Mid-level,Retail,Rural,111755.10600720588
14.62293594748541,Master,Mid-level,Technology,Rural,113716.6635212978
26.83656680682274,Master,Entry-level,Healthcare,Suburban,133691.38215046484
23.995657678419455,High School,Senior,Education,Suburban,123015.60697298683
12.756405134077003,PhD,Entry-level,Finance,Urban,104692.77534304363
0.674079249603522,Master,Entry-level,Healthcare,Suburban,63751.12732440417
8.060320781548382,Master,Executive,Manufacturing,Suburban,146409.95603221588
16.249026439826007,PhD,Executive,Technology,Suburban,202213.47668383407
19.00434659478442,Master,Entry-level,Healthcare,Rural,84697.24440618535
7.736630562996068,Master,Senior,Healthcare,Suburban,113188.82281333451
4.180682222184724,Master,Executive,Manufacturing,Rural,130605.48435358412
25.047907103978975,Associate,Entry-level,Education,Urban,99235.11728004902
29.532065421106562,PhD,Entry-level,Finance,Urban,144560.92623949438
15.770705469080575,Master,Entry-level,Manufacturing,Rural,91274.44880629751
5.150378575449105,PhD,Entry-level,Finance,Rural,76874.98020419244
8.169219795581068,Bachelor,Entry-level,Education,Rural,54616.10205679574
0.551720296424002,Bachelor,Entry-level,Healthcare,Suburban,65747.13922831375
27.42896419681497,Master,Executive,Finance,Urban,206352.40907654507
3.532532486704234,PhD,Senior,Technology,Rural,130228.64818876992
17.295494265427607,PhD,Entry-level,Technology,Suburban,110738.50166961299
8.22165662061618,PhD,Mid-level,Manufacturing,Urban,121253.94066894318
16.6253400754738,Associate,Executive,Education,Suburban,171283.46052410823
19.542611650555926,Bachelor,Executive,Manufacturing,Urban,187946.88130503966
24.892254111216047,PhD,Entry-level,Manufacturing,Suburban,123660.37004026728
6.1926381528180965,PhD,Executive,Retail,Urban,172957.26600919547
0.32987485975441433,Associate,Entry-level,Manufacturing,Urban,51253.0979742067
4.106568902064218,Associate,Senior,Retail,Suburban,91291.93965107572
27.000559255443154,PhD,Senior,Technology,Rural,170745.00798940126
26.216702326875456,High School,Executive,Technology,Urban,185790.052594897
17.922393065109247,PhD,Executive,Manufacturing,Rural,190965.71966096025
18.0155058130096,PhD,Mid-level,Technology,Suburban,131097.4246301997
19.951100236387664,Associate,Executive,Education,Rural,149743.41220287554
5.261138358703487,Associate,Mid-level,Retail,Rural,54636.85117909486
27.432358377748795,PhD,Senior,Retail,Rural,146862.00571046048
12.563115746762193,PhD,Senior,Manufacturing,Rural,125953.4045713196
11.494155847484924,PhD,Entry-level,Technology,Rural,104582.93676301114
15.567531158485126,Associate,Senior,Finance,Urban,119207.18716205141
1.4089790032516514,PhD,Mid-level,Retail,Urban,105954.10264881425
4.988501062682382,PhD,Executive,Manufacturing,Urban,173324.13961289037
22.141008492791112,Master,Entry-level,Manufacturing,Suburban,92596.97485120168
2.483960037753794,High School,Mid-level,Education,Rural,66517.67591772448
18.094563283991647,Bachelor,Executive,Healthcare,Urban,189297.1130239004
7.360473290439629,High School,Entry-level,Healthcare,Suburban,49782.319832530724
11.678868421259295,Master,Senior,Retail,Urban,135559.6522714685
8.660812103120996,Bachelor,Mid-level,Education,Urban,88756.64183215
10.670181493948474,PhD,Executive,Education,Rural,172317.0667553803
21.571377155527365,Master,Entry-level,Education,Suburban,95497.77024150509
8.913651468695251,PhD,Entry-level,Retail,Rural,67896.23841204474
16.992139208906917,Associate,Senior,Healthcare,Rural,115156.10652168414
14.28151206597299,Master,Executive,Education,Urban,177325.7346691976
19.910134960879443,Associate,Senior,Technology,Rural,125843.47298561284
28.10489217974274,Master,Senior,Manufacturing,Suburban,152369.4787772599
21.97716291630751,Master,Executive,Manufacturing,Rural,182955.33521130367
6.448211357722703,Associate,Executive,Finance,Rural,142589.37024125273
0.9354940518385402,Bachelor,Executive,Finance,Rural,138422.05780245172
7.867921328994752,High School,Mid-level,Retail,Urban,80560.85296398164
17.852337921007646,PhD,Executive,Retail,Suburban,182003.52383747298
1.5427744045275105,Master,Entry-level,Manufacturing,Urban,87802.72795621662
14.89098741603709,PhD,Senior,Technology,Urban,148020.24146652638
17.905285467506676,Associate,Mid-level,Healthcare,Urban,115686.17390588054
10.027316724508825,PhD,Executive,Healthcare,Urban,196873.54437861725
23.12736611237466,Associate,Mid-level,Retail,Urban,119063.81315223826
3.1979475940131543,PhD,Executive,Technology,Suburban,169370.652917378
2.254133452074263,High School,Mid-level,Retail,Rural,52225.29643751874
21.8456626861081,High School,Senior,Healthcare,Urban,144052.20188267875
14.864739486185954,High School,Senior,Retail,Urban,98499.72971975517
20.65207189283208,High School,Entry-level,Education,Suburban,71602.90118186772
13.044820158112387,High School,Entry-level,Retail,Suburban,60114.06266130756
7.392060997173204,High School,Executive,Manufacturing,Rural,145160.6595694664
24.573069530225993,Associate,Senior,Retail,Suburban,135943.81542086095
23.982476369069378,Master,Mid-level,Manufacturing,Rural,121284.4951530363
20.840894125632804,PhD,Mid-level,Technology,Urban,148578.71119741656
8.164354116898881,High School,Mid-level,Healthcare,Urban,80185.47679283482
17.706920006072615,Associate,Entry-level,Finance,Rural,75315.95008980988
10.829216908200804,Associate,Mid-level,Finance,Suburban,103447.3294019694
2.7474621997990245,Associate,Entry-level,Healthcare,Rural,36777.493106963
27.519407263867283,Master,Entry-level,Finance,Suburban,143126.6230850783
4.104558927568842,PhD,Executive,Retail,Urban,174491.4147569839
28.50712061462407,Master,Mid-level,Technology,Suburban,162922.85793528514
13.380173188738672,Bachelor,Mid-level,Technology,Rural,102130.95125722476
